{"QC_energy_el": [-0.4489409145663163, -0.4489348895098655, -0.4489251706431006, -0.4489126248329533, -0.44889780857587874, -0.4488811128362429, -0.4488628314386794], "dt": 0.5, "depth": 5, "r_r": 3.2, "r_f": 5.0, "r_l": 4.0, "L": 19.0, "res": 16, "trotter_steps": 1, "parameterized": true, "padding": 40, "fidelity_to_ideal": [0.9999501176573238, 0.9999367571013862, 0.9998993733449155, 0.9998432683822512, 0.9997719955154281, 0.9996880769375693, 0.9995933958392069], "fidelity_to_exact": [1, 0.9999833072595747, 0.9999383020720628, 0.999870629749999, 0.9997843366522626, 0.9996825786541621, 0.9995679857916141], "QC_energy_Tnuc": [0.0011930327999999997, 0.0011988622331850286, 0.0012047038920020958, 0.001210557757478237, 0.0012164238106050697, 0.0012223020323388844, 0.001228192403600728], "QC_energy_Vnuc": [0.22028985507246376, 0.22028402563810118, 0.22027818397810434, 0.22027818397810434, 0.22027233011144626, 0.22027233011144626, 0.22026646405713535, 0.22026646405713535, 0.22026058583421526, 0.22026058583421526, 0.22025469546176502, 0.22025469546176502], "QC_coefficients": [[0.9999501176573238, 1.1639773851078095e-09, 3.047014776923415e-08, 2.169229384028013e-08, 1.039619204253578e-08, 1.239061344222866e-08, 1.39930220517045e-06, 8.268407434392683e-07, 7.507247937821937e-06, 4.785550523811349e-06, 1.01424181036693e-05, 6.565091770476128e-06, 7.064684284122181e-06, 3.308141131455971e-06, 2.964984319079835e-06, 5.241968433844594e-06], [0.9999375192570406, 5.797275327523127e-08, 1.082613584888868e-07, 1.8778478082251228e-06, 2.604858914378265e-07, 5.079643415648913e-06, 1.633344169031672e-06, 6.127479135565833e-06, 1.0185186432436815e-05, 5.5982519128049095e-06, 7.542608826133925e-06, 5.14473454774536e-06, 7.302049701489936e-06, 3.3221741832941536e-06, 3.941900148631563e-06, 4.298802674454234e-06], [0.999902283496401, 1.6279701632810992e-07, 6.02891080504133e-07, 7.16026083419586e-06, 9.95183155748466e-07, 1.8969362344826623e-05, 3.829243599506036e-06, 1.6511012244032226e-05, 1.244349162496863e-05, 6.5204853942167835e-06, 7.155381571966421e-06, 4.321966478178751e-06, 7.548699103677135e-06, 3.159417805224751e-06, 4.944585633243966e-06, 3.3917257126606685e-06], [0.9998491630428709, 3.7069124752895806e-07, 1.6363352241838678e-06, 1.4970197960789077e-05, 1.9246418466928464e-06, 4.093538862463577e-05, 6.8167887745096875e-06, 3.099034344315396e-05, 1.4386557490889706e-05, 7.374464341036115e-06, 8.427843405107378e-06, 3.8602747076276675e-06, 7.752864426055477e-06, 2.869001114152192e-06, 5.949371095893202e-06, 2.572193427470423e-06], [0.9997811004242673, 8.195132106329649e-07, 3.5305611669289106e-06, 2.45866377305645e-05, 2.8830327690148556e-06, 7.03430564790956e-05, 1.0130313504182122e-05, 4.860128070071962e-05, 1.6124649464651967e-05, 8.060795506249487e-06, 1.0993249755321066e-05, 3.620389423465541e-06, 7.884312875459901e-06, 2.498530325799862e-06, 6.93520300828284e-06, 1.8880498114856503e-06], [0.9997000645376045, 1.6898860702554547e-06, 6.674544421940857e-06, 3.5484596012849386e-05, 3.7713777945950277e-06, 0.00010658034999780182, 1.3619770251530971e-05, 6.842456880994872e-05, 1.774871499820072e-05, 8.540120556928379e-06, 1.4594117335451015e-05, 3.5166420178317205e-06, 7.932372431870333e-06, 2.0890862830243504e-06, 7.88375617369884e-06, 1.3855592390471405e-06], [0.9996074869074114, 3.1776996512112278e-06, 1.1433038838755353e-05, 4.730772735164227e-05, 4.528543692998952e-06, 0.00014902858125473922, 1.728712220821689e-05, 8.960374127618046e-05, 1.932611979878581e-05, 8.823408940032804e-06, 1.9038990333766886e-05, 3.492767880665212e-06, 7.901462065383112e-06, 1.6742122676724306e-06, 8.77990384677358e-06, 1.1097731827310342e-06]], "QC_energy": [-0.22745802669385254, -0.22745200163857926, -0.22744228277299416, -0.2274297369640288, -0.22741492070813835, -0.22739822496968876, -0.22737994357331365], "ideal_energy": [-0.22747518756866128, -0.22747079878677268, -0.22746639897483728, -0.2274619881346987, -0.2274575662690197, -0.2274531333810184, -0.22744868947447383], "total_energy": [], "ideal_coefficients": [[1.0, 8.951396177127542e-29, 6.520428419717426e-30, 4.437342591868191e-31, 2.3303752327085554e-30, 3.774822690998982e-32, 4.8148248609680896e-33, 5.085658759397545e-34, 4.81482486096809e-35, 3.009265538105056e-36, 7.52316384526264e-37, 1.692711865184094e-36, 4.231779662960235e-37, 4.70197740328915e-38, 0.0, 2.644862289350147e-38], [0.9999989227870271, 1.0723581437036104e-06, 3.768182800488734e-09, 7.773457822749217e-10, 3.0834700121070016e-10, 5.231942169761111e-14, 6.977783045574501e-13, 1.9295499128594576e-13, 8.848813664051767e-15, 1.0498927123512314e-15, 4.1765336238083894e-16, 6.302522050922072e-17, 3.435403732482718e-17, 6.1423490509960904e-18, 7.462605147812527e-19, 1.531825409882539e-19], [0.9999956683606422, 4.31216936433832e-06, 1.5114244811894474e-08, 3.1148269428695645e-09, 1.237101706980957e-09, 2.0796117889406368e-13, 2.796860781063397e-12, 7.737746154530257e-13, 3.5478602741781765e-14, 4.210189223533784e-15, 1.674671908460382e-15, 2.527336902343337e-16, 1.3775507338671434e-16, 2.4630912254341095e-17, 2.99249314802066e-18, 6.142629862331555e-19], [0.999990202278452, 9.753807547052479e-06, 3.4096421212553946e-08, 7.018538683274587e-09, 2.7904459057942843e-09, 4.644041622145192e-13, 6.294379733440476e-12, 1.7420897454820742e-12, 7.965887444054008e-14, 9.451371197279802e-15, 3.753354729465354e-15, 5.663124405763171e-16, 3.0821200387523203e-16, 5.5094500547457434e-17, 6.680586883343914e-18, 1.3709416613731503e-18], [0.9999824897515568, 1.7432004471499006e-05, 6.07668097783741e-08, 1.249145775844712e-08, 4.970457190282647e-09, 8.183234598551725e-13, 1.1170205400042929e-11, 3.0925628430453133e-12, 1.4062864289112478e-13, 1.667612439831656e-14, 6.600694019617958e-15, 9.9536732377165e-16, 5.400431992006015e-16, 9.647804179075472e-17, 1.1650810004969412e-17, 2.389521548161352e-18], [0.9999724956328959, 2.738185771979145e-05, 9.517340423322734e-08, 1.9534454001604142e-08, 7.777795086962662e-09, 1.2658763911165435e-12, 1.739277920731388e-11, 4.816559650976517e-12, 2.1728689293520577e-13, 2.574380616007511e-14, 1.0141599658238985e-14, 1.5280244029841777e-15, 8.253136481692095e-16, 1.4731036472223725e-16, 1.7683323135010393e-17, 3.623694246291764e-18], [0.9999601844153256, 3.9638832667483726e-05, 1.3736004568444446e-07, 2.814628222413676e-08, 1.1211692189350904e-08, 1.8027216142229134e-12, 2.491932764607243e-11, 6.90220640301657e-12, 3.0821313517918187e-13, 3.6473265192685064e-14, 1.4280930834693418e-14, 2.1492660540357038e-15, 1.154112293699718e-15, 2.0575747184294986e-16, 2.4508069866793963e-17, 5.016677239115326e-18]], "ideal_forces_el": [-4.188421631376677e-06, -4.188740885896952e-06, -4.189060285350115e-06, -4.1893790614259824e-06, -4.18969670165248e-06, -4.1900126945964994e-06, -4.190326530457309e-06], "ideal_forces_nuc": [5.564455939438951e-06, 5.562573722686835e-06, 5.5606871958671815e-06, 5.558796362437543e-06, 5.556901225861355e-06, 5.555001789607914e-06, 5.553098057152387e-06], "ideal_tot_forces": [5.564455939438951e-06, 5.562573722686835e-06, 5.5606871958671815e-06, 5.558796362437543e-06, 5.556901225861355e-06, 5.555001789607914e-06, 5.553098057152387e-06], "ideal_velocities": [0.00114, 0.0011427817574155314, 0.00114556257264517, 0.0011483424435347462, 0.0011511213679318208, 0.001153899343685688, 0.0011566763686473782], "ideal_positions": [-2.0, -1.9994293044430076, -1.9988572182425846, -1.9982837418703625, -1.99770887579905, -1.997132620502431, -1.9965549764553643], "ideal_energy_el": [-0.44895807544112504, -0.4489536866580589, -0.44894928684494373, -0.4489448760036232, -0.4489404541367601, -0.44893602124757254, -0.44893157733983957], "ideal_energy_Tnuc": [0.0011930327999999997, 0.0011988622331850286, 0.0012047038920020958, 0.001210557757478237, 0.0012164238106050697, 0.0012223020323388844, 0.001228192403600728],